{"lr-SGD": 0.001, "trainer/global_step": 3149, "_timestamp": 1680508121, "_runtime": 23, "_step": 127, "train_loss": 1.4625922441482544, "epoch": 2, "val_loss": 1.3731120824813843, "val_acc": 0.44600000977516174}